{
  "train_loss": [
    4.2279577870522775,
    4.095094680786133,
    3.879426187084567,
    3.4853102237947526,
    3.2864279900827715,
    3.1517935645195747,
    2.9919373989105225,
    2.929969226160357,
    2.788269704388034,
    2.6264854631116314,
    2.519977761853126,
    2.5016584319453083,
    2.451400795290547,
    2.441863759871452,
    2.4361133344711794,
    2.4263123466122534,
    2.390355125550301,
    2.41147715814652,
    2.3929806678525862,
    2.3596461434518137,
    2.3439695912022747,
    2.358076887746011,
    2.3535948338047152,
    2.343212358413204,
    2.354234157070037,
    2.364355294935165,
    2.351549140868648,
    2.354728706421391,
    2.330740128794024,
    2.365557539847589
  ],
  "train_acc": [
    2.845528455284553,
    7.1138211382113825,
    12.195121951219512,
    19.61382113821138,
    23.170731707317074,
    27.540650406504064,
    31.30081300813008,
    33.333333333333336,
    36.38211382113821,
    41.15853658536585,
    46.44308943089431,
    45.32520325203252,
    47.25609756097561,
    47.15447154471545,
    48.170731707317074,
    46.13821138211382,
    49.390243902439025,
    47.15447154471545,
    51.21951219512195,
    51.422764227642276,
    54.36991869918699,
    51.21951219512195,
    52.947154471544714,
    52.540650406504064,
    53.55691056910569,
    52.947154471544714,
    52.235772357723576,
    51.6260162601626,
    54.979674796747965,
    51.21951219512195
  ],
  "val_loss": [
    4.176831245422363,
    4.060734340122768,
    3.6086648532322476,
    3.267382792064122,
    3.2046150820595876,
    3.1073717049189975,
    2.8727405071258545,
    2.841428688594273,
    2.567154441561018,
    2.437162024634225,
    2.408254453114101,
    2.431321314402989,
    2.3108300140925815,
    2.2924678325653076,
    2.290212256567819,
    2.285384007862636,
    2.284130777631487,
    2.265619993209839,
    2.2547270400183543,
    2.251714859689985,
    2.241607563836234,
    2.2394516127450124,
    2.2242562089647566,
    2.2312459775379727,
    2.225437879562378,
    2.227139404841832,
    2.22993540763855,
    2.2274205003465926,
    2.2156052930014476,
    2.218898756163461
  ],
  "val_acc": [
    7.5829383886255926,
    11.374407582938389,
    12.796208530805687,
    26.540284360189574,
    31.27962085308057,
    25.118483412322274,
    38.86255924170616,
    36.492890995260666,
    46.44549763033175,
    56.39810426540284,
    57.81990521327014,
    57.81990521327014,
    63.507109004739334,
    62.08530805687204,
    66.35071090047393,
    66.82464454976304,
    63.981042654028435,
    65.40284360189574,
    64.45497630331754,
    66.82464454976304,
    67.29857819905213,
    63.981042654028435,
    66.82464454976304,
    68.24644549763033,
    68.24644549763033,
    66.82464454976304,
    68.72037914691943,
    67.29857819905213,
    67.77251184834124,
    66.35071090047393
  ],
  "lr": [
    6.954040511276603e-05,
    0.0004942080620861252,
    0.00047631757731471635,
    3.6945623280899636e-05,
    0.0004987410242785136,
    7.082413216268662e-05,
    0.00044195932428840626,
    0.00046825578760841127,
    0.00031925168162023475,
    0.00013033501287402273,
    0.000106717240633574,
    0.000106717240633574,
    3.274421239158877e-05,
    4.7672215042441326e-05,
    1.117798457524566e-05,
    8.718855046441906e-06,
    2.836276793497938e-05,
    1.7087023688809565e-05,
    2.4289064976548136e-05,
    8.718855046441906e-06,
    6.594681036294613e-06,
    2.836276793497938e-05,
    8.718855046441906e-06,
    3.362502497747757e-06,
    3.362502497747757e-06,
    8.718855046441906e-06,
    2.258975721486349e-06,
    6.594681036294613e-06,
    4.808405304494146e-06,
    1.117798457524566e-05
  ]
}