{
  "train_loss": [
    4.26919154326121,
    4.123726848664322,
    4.033771417005275,
    3.9247105606203156,
    3.783840017590096,
    3.678706066395209,
    3.6298488417292027,
    3.5648075938224792,
    3.5288010079686236,
    3.4950863529996172,
    3.444446894211498,
    3.398219610132822,
    3.3956473862252583,
    3.339680086791031,
    3.266885245718607,
    3.246177204740726,
    3.1909820461660865,
    3.1789917563035237,
    3.109628714681641,
    3.0777853775799757,
    3.056631367381026,
    2.9939633699936596,
    2.9485156623328606,
    2.895236581806245,
    2.8698965122060076,
    2.837365808041115,
    2.7916794855420184,
    2.765345851095711,
    2.715451209041161,
    2.7364381774654234
  ],
  "train_acc": [
    2.2357723577235773,
    5.08130081300813,
    5.894308943089431,
    5.995934959349594,
    7.317073170731708,
    6.9105691056910565,
    7.317073170731708,
    8.739837398373984,
    9.857723577235772,
    8.333333333333334,
    9.857723577235772,
    10.772357723577235,
    11.991869918699187,
    10.467479674796747,
    11.28048780487805,
    12.90650406504065,
    12.195121951219512,
    13.109756097560975,
    13.008130081300813,
    15.65040650406504,
    16.565040650406505,
    17.784552845528456,
    17.378048780487806,
    19.20731707317073,
    18.597560975609756,
    19.61382113821138,
    19.308943089430894,
    20.528455284552845,
    22.5609756097561,
    21.951219512195124
  ],
  "val_loss": [
    4.102151173465657,
    4.030272272397887,
    3.9140147443087594,
    3.6422305422009162,
    3.521065298116432,
    3.42923822043077,
    3.430137679261981,
    3.258050446240407,
    3.250527040013727,
    3.2097319072147585,
    3.1867577894678654,
    3.221522911539618,
    3.1688009837888322,
    3.076343536376953,
    2.9782308587488138,
    3.061063714747159,
    2.8954052160371027,
    2.8718973015839198,
    2.7956678057616613,
    2.629786003310725,
    2.5378841116743267,
    2.639092652302868,
    2.4877074372093633,
    2.4309837413284012,
    2.468160289638447,
    2.3982543270542935,
    2.327527900911727,
    2.369572992594737,
    2.2420455284838408,
    2.249934416896892
  ],
  "val_acc": [
    8.056872037914692,
    7.5829383886255926,
    5.213270142180095,
    9.95260663507109,
    11.848341232227488,
    9.004739336492891,
    10.42654028436019,
    12.796208530805687,
    11.374407582938389,
    14.218009478672986,
    13.744075829383887,
    15.639810426540285,
    13.744075829383887,
    16.587677725118482,
    14.218009478672986,
    20.85308056872038,
    21.80094786729858,
    23.222748815165875,
    21.80094786729858,
    27.96208530805687,
    30.33175355450237,
    23.696682464454977,
    30.33175355450237,
    28.90995260663507,
    31.27962085308057,
    37.91469194312796,
    33.649289099526065,
    31.753554502369667,
    39.33649289099526,
    36.492890995260666
  ],
  "lr": [
    0.001,
    0.001,
    0.001,
    0.001,
    0.001,
    0.001,
    0.001,
    0.001,
    0.001,
    0.001,
    0.001,
    0.001,
    0.001,
    0.001,
    0.001,
    0.001,
    0.001,
    0.001,
    0.001,
    0.001,
    0.001,
    0.001,
    0.001,
    0.001,
    0.001,
    0.001,
    0.001,
    0.001,
    0.001,
    0.001
  ]
}